﻿<?xml version="1.0" encoding="utf-8"?>
<publishData>
  <publishProfile publishUrl="C:\Users\Alan\Documents\Portales CRM\PTU01_CPR" deleteExistingFiles="True" ftpAnonymousLogin="False" ftpPassiveMode="True" msdeploySite="" msdeploySiteID="" msdeployRemoteSitePhysicalPath="" msdeployAllowUntrustedCertificate="False" msdeploySkipExtraFilesOnServer="True" msdeployMarkAsApp="False" profileName="Perfil1" publishMethod="FileSystem" replaceMatchingFiles="False" userName="" savePWD="False" userPWD="" SelectedForPublish="True">
    <file relUrl="Reports/Sub_DesarrolloSocial/Actas/style.css" publishTime="01/30/2015 15:19:32" />
    <file relUrl="Reports/Sub_DesarrolloSocial/Actas/comitesop.aspx" publishTime="02/09/2015 10:27:56" />
    <file relUrl="Scripts/jquery.blockUI.js" publishTime="05/31/2012 18:23:52" />
    <file relUrl="App_Themes/Default/images/EstadoFuerte3.png" publishTime="01/03/2011 22:40:28" />
    <file relUrl="bin/PTU02_WEBREPORTS.pdb" publishTime="01/09/2018 14:42:04" />
    <file relUrl="Reports/Sub_DesarrolloSocial/Actas/comiteobra.aspx" publishTime="02/09/2015 10:08:22" />
    <file relUrl="App_Themes/Default/images/fotodemo.jpg" publishTime="12/09/2014 16:12:32" />
    <file relUrl="Reports/ValeMedicamentoUI.aspx" publishTime="05/22/2013 16:07:28" />
    <file relUrl="Web.config" publishTime="01/10/2018 09:24:01" />
    <file relUrl="App_Themes/Default/images/se_deSocial.png" publishTime="01/08/2011 23:08:22" />
    <file relUrl="Reports/Sub_DesarrolloSocial/gafete.aspx" publishTime="03/02/2015 13:19:52" />
    <file relUrl="Reports/ReciboMemo.aspx" publishTime="01/09/2018 14:40:38" />
    <file relUrl="App_Themes/Default/images/logo_DIF.jpg" publishTime="01/10/2013 17:06:34" />
    <file relUrl="App_Themes/Default/images/Tamaulipas_fuerte_2.jpg" publishTime="05/23/2012 20:16:22" />
    <file relUrl="Reports/Sub_DesarrolloSocial/ActaConstitutiva_CentrosBienestarSocial.aspx" publishTime="12/08/2014 09:14:08" />
    <file relUrl="Reports/Sub_DesarrolloSocial/gafeteee.aspx" publishTime="12/09/2014 08:55:30" />
    <file relUrl="bin/SAP.Connector.dll" publishTime="05/22/2012 10:49:50" />
    <file relUrl="bin/SAP.Connector.Rfc.dll" publishTime="05/22/2012 10:49:50" />
    <file relUrl="Reports/ReciboATCUI.aspx" publishTime="01/09/2018 14:39:45" />
    <file relUrl="App_Themes/Default/images/gafeteTrasero.png" publishTime="12/10/2014 13:47:36" />
    <file relUrl="Scripts/jquery-1.4.1.js" publishTime="05/22/2012 10:49:54" />
    <file relUrl="Reports/Sub_DesarrolloSocial/Actas/comiteparqueb.aspx" publishTime="02/09/2015 12:37:44" />
    <file relUrl="Scripts/jquery-1.4.1-vsdoc.js" publishTime="05/22/2012 10:49:54" />
    <file relUrl="Reports/Sub_DesarrolloSocial/Actas/bienestarsocial.aspx" publishTime="01/30/2015 15:18:28" />
    <file relUrl="Reports/ValeMedicamentoCtrl.ascx" publishTime="12/06/2013 13:16:34" />
    <file relUrl="Reports/QuejasRecomendacionesUI.aspx" publishTime="05/13/2013 18:17:28" />
    <file relUrl="bin/CantidadLetra.dll" publishTime="06/05/2012 13:52:42" />
    <file relUrl="App_Code/Hash.cs" publishTime="01/09/2013 10:58:50" />
    <file relUrl="Reports/Sub_DesarrolloSocial/estilos.css" publishTime="12/09/2014 14:38:40" />
    <file relUrl="Scripts/jquery-1.4.1.min.js" publishTime="05/22/2012 10:49:54" />
    <file relUrl="App_Themes/Default/images/fondo_crede1.png" publishTime="12/10/2014 10:01:52" />
    <file relUrl="bin/ptu02.pdb" publishTime="01/09/2018 14:33:58" />
    <file relUrl="Scripts/SancionServicioPublicoUI.aspx" publishTime="01/09/2013 10:59:04" />
    <file relUrl="Reports/ValeApoyoUI.aspx" publishTime="10/04/2016 13:46:48" />
    <file relUrl="Reports/Sub_DesarrolloSocial/gafete.css" publishTime="02/26/2015 12:30:44" />
    <file relUrl="App_Themes/Default/images/Tamaulipas_fuerte.jpg" publishTime="05/22/2012 10:49:52" />
    <file relUrl="Reports/Sub_DesarrolloSocial/ActaConstitutiva_ComiteObra.aspx" publishTime="11/24/2014 00:09:24" />
    <file relUrl="bin/sapnco.dll" publishTime="04/20/2011 03:50:16" />
    <file relUrl="Reports/Sub_DesarrolloSocial/Actas/comiteitife.aspx" publishTime="02/17/2015 15:43:18" />
    <file relUrl="Scripts/atc.js" publishTime="07/17/2014 16:58:12" />
    <file relUrl="App_Themes/Default/images/todos_xtam.png" publishTime="01/09/2015 09:36:38" />
    <file relUrl="Reports/Sub_DesarrolloSocial/ActaConstitutiva_ParqueBarrio.aspx" publishTime="12/08/2014 09:50:16" />
    <file relUrl="Reports/ListaActas.aspx" publishTime="02/10/2015 09:32:36" />
    <file relUrl="Reports/Default.aspx" publishTime="01/08/2015 14:55:36" />
    <file relUrl="Reports/Sub_DesarrolloSocial/ActaConstitutiva_ObraItife.aspx" publishTime="12/08/2014 14:28:48" />
    <file relUrl="bin/ptu02.dll" publishTime="01/09/2018 14:33:58" />
    <file relUrl="bin/sapnco_utils.dll" publishTime="04/20/2011 03:50:14" />
    <file relUrl="Reports/ReportMasterPage.Master" publishTime="08/28/2014 15:12:54" />
    <file relUrl="App_Themes/Default/estilo.css" publishTime="02/17/2015 15:43:26" />
    <file relUrl="App_Themes/Default/images/Tamaulipas_gobierno.jpg" publishTime="10/04/2016 10:19:10" />
    <file relUrl="App_Themes/Default/images/Tamaulipas_gobierno_2.jpg" publishTime="05/23/2012 20:16:22" />
    <file relUrl="Reports/Sub_DesarrolloSocial/ActaConstitutiva_ObraSOP.aspx" publishTime="12/08/2014 11:01:40" />
    <file relUrl="App_Themes/Default/images/FONDO_DIF.jpg" publishTime="12/20/2012 11:48:56" />
    <file relUrl="bin/PTU02_WEBREPORTS.dll" publishTime="01/09/2018 14:42:04" />
  </publishProfile>
</publishData>